{
  "type": "summary",
  "metrics": {
    "total": 3,
    "total_attempted": 3,
    "avg_score_attempted": 0.8166666666666668,
    "avg_score_total": 0.8166666666666668,
    "per_model": null,
    "by_metric": {
      "personality": {
        "avg_score_attempted": 0.8166666666666668,
        "avg_score_total": 0.8166666666666668,
        "pass_rate": 81.66666666666667
      }
    },
    "metrics": {
      "personality": 81.66666666666667
    },
    "usage_metrics": {
      "total_prompt_tokens": 1520,
      "total_completion_tokens": 1148,
      "total_cost": null,
      "total_cached_input_tokens": 440,
      "total_cache_write_tokens": 0,
      "total_reasoning_tokens": 0
    },
    "timing_metrics": {
      "mean_total_seconds": 30.80346856933708,
      "mean_target_seconds": 27.786672916360356,
      "mean_extraction_seconds": 8.027670749773582e-06,
      "p50_total_seconds": 27.788787833007518,
      "p95_total_seconds": 54.29495374998078,
      "per_grader_mean_seconds": {
        "personality": 3.015872763993684
      }
    },
    "error_summary": null
  },
  "gates_passed": true
}