{
  "type": "summary",
  "metrics": {
    "total": 3,
    "total_attempted": 3,
    "avg_score_attempted": 0.6333333333333333,
    "avg_score_total": 0.6333333333333333,
    "per_model": null,
    "by_metric": {
      "personality": {
        "avg_score_attempted": 0.6333333333333333,
        "avg_score_total": 0.6333333333333333,
        "pass_rate": 63.33333333333333
      }
    },
    "metrics": {
      "personality": 63.33333333333333
    },
    "usage_metrics": {
      "total_prompt_tokens": 1495,
      "total_completion_tokens": 1165,
      "total_cost": null,
      "total_cached_input_tokens": 147282,
      "total_cache_write_tokens": 0,
      "total_reasoning_tokens": 0
    },
    "timing_metrics": {
      "mean_total_seconds": 88.07158698601415,
      "mean_target_seconds": 82.63110122199093,
      "mean_extraction_seconds": 5.819330302377542e-06,
      "p50_total_seconds": 86.68392541701905,
      "p95_total_seconds": 136.62856341601582,
      "per_grader_mean_seconds": {
        "personality": 5.439569069324837
      }
    },
    "error_summary": null
  },
  "gates_passed": true
}